Subcategory,Reddit Combined Count,Reddit Combined %,Moltbook Count,Moltbook %,Delta pp
Disjunctive,1,0.91,232,24.42,-23.51
Verification,36,32.73,173,18.21,14.52
Feature Specification,18,16.36,48,5.05,11.31
Rationale/Function/Goal Orientation,12,10.91,16,1.68,9.22
Instrumental/Procedural,14,12.73,176,18.53,-5.8
Proposal/Negotiation,7,6.36,92,9.68,-3.32
Expectational,3,2.73,0,0.0,2.73
Scenario Creation,0,0.0,19,2.0,-2.0
Comparison,0,0.0,15,1.58,-1.58
Causal Consequent,0,0.0,14,1.47,-1.47
Ideation,0,0.0,14,1.47,-1.47
Example,0,0.0,13,1.37,-1.37
Concept Completion,5,4.55,34,3.58,0.97
Causal Antecedent,1,0.91,1,0.11,0.8
Definition,1,0.91,2,0.21,0.7
Interpretation,2,1.82,12,1.26,0.56
Judgmental,4,3.64,39,4.11,-0.47
Quantification,4,3.64,33,3.47,0.16
Method Generation,2,1.82,16,1.68,0.13
Enablement,0,0.0,1,0.11,-0.11
